{"0.47887524280781624":{"user_id":1},"0.11200575373977695":{"user_id":1},"0.9621467344353622":{"user_id":1},"0.35222943908700444":{"user_id":2}}